Filename,Foldname,FoldID,SpeakerID,EmotionID,Emotion
03-02-01-01-01-01-01.wav','train',1,1,1,'Neutral'
03-02-01-01-01-02-01.wav','train',1,1,1,'Neutral'
03-02-01-01-02-01-01.wav','train',1,1,1,'Neutral'
03-02-01-01-02-02-01.wav','train',1,1,1,'Neutral'
03-02-02-01-01-01-01.wav','train',1,1,2,'Calm'
03-02-02-01-01-02-01.wav','train',1,1,2,'Calm'
03-02-02-01-02-01-01.wav','train',1,1,2,'Calm'
03-02-02-01-02-02-01.wav','train',1,1,2,'Calm'
03-02-02-02-01-01-01.wav','train',1,1,2,'Calm'
03-02-02-02-01-02-01.wav','train',1,1,2,'Calm'
03-02-02-02-02-01-01.wav','train',1,1,2,'Calm'
03-02-02-02-02-02-01.wav','train',1,1,2,'Calm'
03-02-03-01-01-01-01.wav','train',1,1,3,'Happy'
03-02-03-01-01-02-01.wav','train',1,1,3,'Happy'
03-02-03-01-02-01-01.wav','train',1,1,3,'Happy'
03-02-03-01-02-02-01.wav','train',1,1,3,'Happy'
03-02-03-02-01-01-01.wav','train',1,1,3,'Happy'
03-02-03-02-01-02-01.wav','train',1,1,3,'Happy'
03-02-03-02-02-01-01.wav','train',1,1,3,'Happy'
03-02-03-02-02-02-01.wav','train',1,1,3,'Happy'
03-02-04-01-01-01-01.wav','train',1,1,4,'Sad'
03-02-04-01-01-02-01.wav','train',1,1,4,'Sad'
03-02-04-01-02-01-01.wav','train',1,1,4,'Sad'
03-02-04-01-02-02-01.wav','train',1,1,4,'Sad'
03-02-04-02-01-01-01.wav','train',1,1,4,'Sad'
03-02-04-02-01-02-01.wav','train',1,1,4,'Sad'
03-02-04-02-02-01-01.wav','train',1,1,4,'Sad'
03-02-04-02-02-02-01.wav','train',1,1,4,'Sad'
03-02-05-01-01-01-01.wav','train',1,1,5,'Angry'
03-02-05-01-01-02-01.wav','train',1,1,5,'Angry'
03-02-05-01-02-01-01.wav','train',1,1,5,'Angry'
03-02-05-01-02-02-01.wav','train',1,1,5,'Angry'
03-02-05-02-01-01-01.wav','train',1,1,5,'Angry'
03-02-05-02-01-02-01.wav','train',1,1,5,'Angry'
03-02-05-02-02-01-01.wav','train',1,1,5,'Angry'
03-02-05-02-02-02-01.wav','train',1,1,5,'Angry'
03-02-06-01-01-01-01.wav','train',1,1,6,'Fearful'
03-02-06-01-01-02-01.wav','train',1,1,6,'Fearful'
03-02-06-01-02-01-01.wav','train',1,1,6,'Fearful'
03-02-06-01-02-02-01.wav','train',1,1,6,'Fearful'
03-02-06-02-01-01-01.wav','train',1,1,6,'Fearful'
03-02-06-02-01-02-01.wav','train',1,1,6,'Fearful'
03-02-06-02-02-01-01.wav','train',1,1,6,'Fearful'
03-02-06-02-02-02-01.wav','train',1,1,6,'Fearful'
03-02-01-01-01-01-02.wav','train',1,2,1,'Neutral'
03-02-01-01-01-02-02.wav','train',1,2,1,'Neutral'
03-02-01-01-02-01-02.wav','train',1,2,1,'Neutral'
03-02-01-01-02-02-02.wav','train',1,2,1,'Neutral'
03-02-02-01-01-01-02.wav','train',1,2,2,'Calm'
03-02-02-01-01-02-02.wav','train',1,2,2,'Calm'
03-02-02-01-02-01-02.wav','train',1,2,2,'Calm'
03-02-02-01-02-02-02.wav','train',1,2,2,'Calm'
03-02-02-02-01-01-02.wav','train',1,2,2,'Calm'
03-02-02-02-01-02-02.wav','train',1,2,2,'Calm'
03-02-02-02-02-01-02.wav','train',1,2,2,'Calm'
03-02-02-02-02-02-02.wav','train',1,2,2,'Calm'
03-02-03-01-01-01-02.wav','train',1,2,3,'Happy'
03-02-03-01-01-02-02.wav','train',1,2,3,'Happy'
03-02-03-01-02-01-02.wav','train',1,2,3,'Happy'
03-02-03-01-02-02-02.wav','train',1,2,3,'Happy'
03-02-03-02-01-01-02.wav','train',1,2,3,'Happy'
03-02-03-02-01-02-02.wav','train',1,2,3,'Happy'
03-02-03-02-02-01-02.wav','train',1,2,3,'Happy'
03-02-03-02-02-02-02.wav','train',1,2,3,'Happy'
03-02-04-01-01-01-02.wav','train',1,2,4,'Sad'
03-02-04-01-01-02-02.wav','train',1,2,4,'Sad'
03-02-04-01-02-01-02.wav','train',1,2,4,'Sad'
03-02-04-01-02-02-02.wav','train',1,2,4,'Sad'
03-02-04-02-01-01-02.wav','train',1,2,4,'Sad'
03-02-04-02-01-02-02.wav','train',1,2,4,'Sad'
03-02-04-02-02-01-02.wav','train',1,2,4,'Sad'
03-02-04-02-02-02-02.wav','train',1,2,4,'Sad'
03-02-05-01-01-01-02.wav','train',1,2,5,'Angry'
03-02-05-01-01-02-02.wav','train',1,2,5,'Angry'
03-02-05-01-02-01-02.wav','train',1,2,5,'Angry'
03-02-05-01-02-02-02.wav','train',1,2,5,'Angry'
03-02-05-02-01-01-02.wav','train',1,2,5,'Angry'
03-02-05-02-01-02-02.wav','train',1,2,5,'Angry'
03-02-05-02-02-01-02.wav','train',1,2,5,'Angry'
03-02-05-02-02-02-02.wav','train',1,2,5,'Angry'
03-02-06-01-01-01-02.wav','train',1,2,6,'Fearful'
03-02-06-01-01-02-02.wav','train',1,2,6,'Fearful'
03-02-06-01-02-01-02.wav','train',1,2,6,'Fearful'
03-02-06-01-02-02-02.wav','train',1,2,6,'Fearful'
03-02-06-02-01-01-02.wav','train',1,2,6,'Fearful'
03-02-06-02-01-02-02.wav','train',1,2,6,'Fearful'
03-02-06-02-02-01-02.wav','train',1,2,6,'Fearful'
03-02-06-02-02-02-02.wav','train',1,2,6,'Fearful'
03-02-01-01-01-01-03.wav','train',1,3,1,'Neutral'
03-02-01-01-01-02-03.wav','train',1,3,1,'Neutral'
03-02-01-01-02-01-03.wav','train',1,3,1,'Neutral'
03-02-01-01-02-02-03.wav','train',1,3,1,'Neutral'
03-02-02-01-01-01-03.wav','train',1,3,2,'Calm'
03-02-02-01-01-02-03.wav','train',1,3,2,'Calm'
03-02-02-01-02-01-03.wav','train',1,3,2,'Calm'
03-02-02-01-02-02-03.wav','train',1,3,2,'Calm'
03-02-02-02-01-01-03.wav','train',1,3,2,'Calm'
03-02-02-02-01-02-03.wav','train',1,3,2,'Calm'
03-02-02-02-02-01-03.wav','train',1,3,2,'Calm'
03-02-02-02-02-02-03.wav','train',1,3,2,'Calm'
03-02-03-01-01-01-03.wav','train',1,3,3,'Happy'
03-02-03-01-01-02-03.wav','train',1,3,3,'Happy'
03-02-03-01-02-01-03.wav','train',1,3,3,'Happy'
03-02-03-01-02-02-03.wav','train',1,3,3,'Happy'
03-02-03-02-01-01-03.wav','train',1,3,3,'Happy'
03-02-03-02-01-02-03.wav','train',1,3,3,'Happy'
03-02-03-02-02-01-03.wav','train',1,3,3,'Happy'
03-02-03-02-02-02-03.wav','train',1,3,3,'Happy'
03-02-04-01-01-01-03.wav','train',1,3,4,'Sad'
03-02-04-01-01-02-03.wav','train',1,3,4,'Sad'
03-02-04-01-02-01-03.wav','train',1,3,4,'Sad'
03-02-04-01-02-02-03.wav','train',1,3,4,'Sad'
03-02-04-02-01-01-03.wav','train',1,3,4,'Sad'
03-02-04-02-01-02-03.wav','train',1,3,4,'Sad'
03-02-04-02-02-01-03.wav','train',1,3,4,'Sad'
03-02-04-02-02-02-03.wav','train',1,3,4,'Sad'
03-02-05-01-01-01-03.wav','train',1,3,5,'Angry'
03-02-05-01-01-02-03.wav','train',1,3,5,'Angry'
03-02-05-01-02-01-03.wav','train',1,3,5,'Angry'
03-02-05-01-02-02-03.wav','train',1,3,5,'Angry'
03-02-05-02-01-01-03.wav','train',1,3,5,'Angry'
03-02-05-02-01-02-03.wav','train',1,3,5,'Angry'
03-02-05-02-02-01-03.wav','train',1,3,5,'Angry'
03-02-05-02-02-02-03.wav','train',1,3,5,'Angry'
03-02-06-01-01-01-03.wav','train',1,3,6,'Fearful'
03-02-06-01-01-02-03.wav','train',1,3,6,'Fearful'
03-02-06-01-02-01-03.wav','train',1,3,6,'Fearful'
03-02-06-01-02-02-03.wav','train',1,3,6,'Fearful'
03-02-06-02-01-01-03.wav','train',1,3,6,'Fearful'
03-02-06-02-01-02-03.wav','train',1,3,6,'Fearful'
03-02-06-02-02-01-03.wav','train',1,3,6,'Fearful'
03-02-06-02-02-02-03.wav','train',1,3,6,'Fearful'
03-02-01-01-01-01-04.wav','train',1,4,1,'Neutral'
03-02-01-01-01-02-04.wav','train',1,4,1,'Neutral'
03-02-01-01-02-01-04.wav','train',1,4,1,'Neutral'
03-02-01-01-02-02-04.wav','train',1,4,1,'Neutral'
03-02-02-01-01-01-04.wav','train',1,4,2,'Calm'
03-02-02-01-01-02-04.wav','train',1,4,2,'Calm'
03-02-02-01-02-01-04.wav','train',1,4,2,'Calm'
03-02-02-01-02-02-04.wav','train',1,4,2,'Calm'
03-02-02-02-01-01-04.wav','train',1,4,2,'Calm'
03-02-02-02-01-02-04.wav','train',1,4,2,'Calm'
03-02-02-02-02-01-04.wav','train',1,4,2,'Calm'
03-02-02-02-02-02-04.wav','train',1,4,2,'Calm'
03-02-03-01-01-01-04.wav','train',1,4,3,'Happy'
03-02-03-01-01-02-04.wav','train',1,4,3,'Happy'
03-02-03-01-02-01-04.wav','train',1,4,3,'Happy'
03-02-03-01-02-02-04.wav','train',1,4,3,'Happy'
03-02-03-02-01-01-04.wav','train',1,4,3,'Happy'
03-02-03-02-01-02-04.wav','train',1,4,3,'Happy'
03-02-03-02-02-01-04.wav','train',1,4,3,'Happy'
03-02-03-02-02-02-04.wav','train',1,4,3,'Happy'
03-02-04-01-01-01-04.wav','train',1,4,4,'Sad'
03-02-04-01-01-02-04.wav','train',1,4,4,'Sad'
03-02-04-01-02-01-04.wav','train',1,4,4,'Sad'
03-02-04-01-02-02-04.wav','train',1,4,4,'Sad'
03-02-04-02-01-01-04.wav','train',1,4,4,'Sad'
03-02-04-02-01-02-04.wav','train',1,4,4,'Sad'
03-02-04-02-02-01-04.wav','train',1,4,4,'Sad'
03-02-04-02-02-02-04.wav','train',1,4,4,'Sad'
03-02-05-01-01-01-04.wav','train',1,4,5,'Angry'
03-02-05-01-01-02-04.wav','train',1,4,5,'Angry'
03-02-05-01-02-01-04.wav','train',1,4,5,'Angry'
03-02-05-01-02-02-04.wav','train',1,4,5,'Angry'
03-02-05-02-01-01-04.wav','train',1,4,5,'Angry'
03-02-05-02-01-02-04.wav','train',1,4,5,'Angry'
03-02-05-02-02-01-04.wav','train',1,4,5,'Angry'
03-02-05-02-02-02-04.wav','train',1,4,5,'Angry'
03-02-06-01-01-01-04.wav','train',1,4,6,'Fearful'
03-02-06-01-01-02-04.wav','train',1,4,6,'Fearful'
03-02-06-01-02-01-04.wav','train',1,4,6,'Fearful'
03-02-06-01-02-02-04.wav','train',1,4,6,'Fearful'
03-02-06-02-01-01-04.wav','train',1,4,6,'Fearful'
03-02-06-02-01-02-04.wav','train',1,4,6,'Fearful'
03-02-06-02-02-01-04.wav','train',1,4,6,'Fearful'
03-02-06-02-02-02-04.wav','train',1,4,6,'Fearful'
03-02-01-01-01-01-05.wav','train',1,5,1,'Neutral'
03-02-01-01-01-02-05.wav','train',1,5,1,'Neutral'
03-02-01-01-02-01-05.wav','train',1,5,1,'Neutral'
03-02-01-01-02-02-05.wav','train',1,5,1,'Neutral'
03-02-02-01-01-01-05.wav','train',1,5,2,'Calm'
03-02-02-01-01-02-05.wav','train',1,5,2,'Calm'
03-02-02-01-02-01-05.wav','train',1,5,2,'Calm'
03-02-02-01-02-02-05.wav','train',1,5,2,'Calm'
03-02-02-02-01-01-05.wav','train',1,5,2,'Calm'
03-02-02-02-01-02-05.wav','train',1,5,2,'Calm'
03-02-02-02-02-01-05.wav','train',1,5,2,'Calm'
03-02-02-02-02-02-05.wav','train',1,5,2,'Calm'
03-02-03-01-01-01-05.wav','train',1,5,3,'Happy'
03-02-03-01-01-02-05.wav','train',1,5,3,'Happy'
03-02-03-01-02-01-05.wav','train',1,5,3,'Happy'
03-02-03-01-02-02-05.wav','train',1,5,3,'Happy'
03-02-03-02-01-01-05.wav','train',1,5,3,'Happy'
03-02-03-02-01-02-05.wav','train',1,5,3,'Happy'
03-02-03-02-02-01-05.wav','train',1,5,3,'Happy'
03-02-03-02-02-02-05.wav','train',1,5,3,'Happy'
03-02-04-01-01-01-05.wav','train',1,5,4,'Sad'
03-02-04-01-01-02-05.wav','train',1,5,4,'Sad'
03-02-04-01-02-01-05.wav','train',1,5,4,'Sad'
03-02-04-01-02-02-05.wav','train',1,5,4,'Sad'
03-02-04-02-01-01-05.wav','train',1,5,4,'Sad'
03-02-04-02-01-02-05.wav','train',1,5,4,'Sad'
03-02-04-02-02-01-05.wav','train',1,5,4,'Sad'
03-02-04-02-02-02-05.wav','train',1,5,4,'Sad'
03-02-05-01-01-01-05.wav','train',1,5,5,'Angry'
03-02-05-01-01-02-05.wav','train',1,5,5,'Angry'
03-02-05-01-02-01-05.wav','train',1,5,5,'Angry'
03-02-05-01-02-02-05.wav','train',1,5,5,'Angry'
03-02-05-02-01-01-05.wav','train',1,5,5,'Angry'
03-02-05-02-01-02-05.wav','train',1,5,5,'Angry'
03-02-05-02-02-01-05.wav','train',1,5,5,'Angry'
03-02-05-02-02-02-05.wav','train',1,5,5,'Angry'
03-02-06-01-01-01-05.wav','train',1,5,6,'Fearful'
03-02-06-01-01-02-05.wav','train',1,5,6,'Fearful'
03-02-06-01-02-01-05.wav','train',1,5,6,'Fearful'
03-02-06-01-02-02-05.wav','train',1,5,6,'Fearful'
03-02-06-02-01-01-05.wav','train',1,5,6,'Fearful'
03-02-06-02-01-02-05.wav','train',1,5,6,'Fearful'
03-02-06-02-02-01-05.wav','train',1,5,6,'Fearful'
03-02-06-02-02-02-05.wav','train',1,5,6,'Fearful'
03-02-01-01-01-01-06.wav','train',1,6,1,'Neutral'
03-02-01-01-01-02-06.wav','train',1,6,1,'Neutral'
03-02-01-01-02-01-06.wav','train',1,6,1,'Neutral'
03-02-01-01-02-02-06.wav','train',1,6,1,'Neutral'
03-02-02-01-01-01-06.wav','train',1,6,2,'Calm'
03-02-02-01-01-02-06.wav','train',1,6,2,'Calm'
03-02-02-01-02-01-06.wav','train',1,6,2,'Calm'
03-02-02-01-02-02-06.wav','train',1,6,2,'Calm'
03-02-02-02-01-01-06.wav','train',1,6,2,'Calm'
03-02-02-02-01-02-06.wav','train',1,6,2,'Calm'
03-02-02-02-02-01-06.wav','train',1,6,2,'Calm'
03-02-02-02-02-02-06.wav','train',1,6,2,'Calm'
03-02-03-01-01-01-06.wav','train',1,6,3,'Happy'
03-02-03-01-01-02-06.wav','train',1,6,3,'Happy'
03-02-03-01-02-01-06.wav','train',1,6,3,'Happy'
03-02-03-01-02-02-06.wav','train',1,6,3,'Happy'
03-02-03-02-01-01-06.wav','train',1,6,3,'Happy'
03-02-03-02-01-02-06.wav','train',1,6,3,'Happy'
03-02-03-02-02-01-06.wav','train',1,6,3,'Happy'
03-02-03-02-02-02-06.wav','train',1,6,3,'Happy'
03-02-04-01-01-01-06.wav','train',1,6,4,'Sad'
03-02-04-01-01-02-06.wav','train',1,6,4,'Sad'
03-02-04-01-02-01-06.wav','train',1,6,4,'Sad'
03-02-04-01-02-02-06.wav','train',1,6,4,'Sad'
03-02-04-02-01-01-06.wav','train',1,6,4,'Sad'
03-02-04-02-01-02-06.wav','train',1,6,4,'Sad'
03-02-04-02-02-01-06.wav','train',1,6,4,'Sad'
03-02-04-02-02-02-06.wav','train',1,6,4,'Sad'
03-02-05-01-01-01-06.wav','train',1,6,5,'Angry'
03-02-05-01-01-02-06.wav','train',1,6,5,'Angry'
03-02-05-01-02-01-06.wav','train',1,6,5,'Angry'
03-02-05-01-02-02-06.wav','train',1,6,5,'Angry'
03-02-05-02-01-01-06.wav','train',1,6,5,'Angry'
03-02-05-02-01-02-06.wav','train',1,6,5,'Angry'
03-02-05-02-02-01-06.wav','train',1,6,5,'Angry'
03-02-05-02-02-02-06.wav','train',1,6,5,'Angry'
03-02-06-01-01-01-06.wav','train',1,6,6,'Fearful'
03-02-06-01-01-02-06.wav','train',1,6,6,'Fearful'
03-02-06-01-02-01-06.wav','train',1,6,6,'Fearful'
03-02-06-01-02-02-06.wav','train',1,6,6,'Fearful'
03-02-06-02-01-01-06.wav','train',1,6,6,'Fearful'
03-02-06-02-01-02-06.wav','train',1,6,6,'Fearful'
03-02-06-02-02-01-06.wav','train',1,6,6,'Fearful'
03-02-06-02-02-02-06.wav','train',1,6,6,'Fearful'
03-02-01-01-01-01-07.wav','train',1,7,1,'Neutral'
03-02-01-01-01-02-07.wav','train',1,7,1,'Neutral'
03-02-01-01-02-01-07.wav','train',1,7,1,'Neutral'
03-02-01-01-02-02-07.wav','train',1,7,1,'Neutral'
03-02-02-01-01-01-07.wav','train',1,7,2,'Calm'
03-02-02-01-01-02-07.wav','train',1,7,2,'Calm'
03-02-02-01-02-01-07.wav','train',1,7,2,'Calm'
03-02-02-01-02-02-07.wav','train',1,7,2,'Calm'
03-02-02-02-01-01-07.wav','train',1,7,2,'Calm'
03-02-02-02-01-02-07.wav','train',1,7,2,'Calm'
03-02-02-02-02-01-07.wav','train',1,7,2,'Calm'
03-02-02-02-02-02-07.wav','train',1,7,2,'Calm'
03-02-03-01-01-01-07.wav','train',1,7,3,'Happy'
03-02-03-01-01-02-07.wav','train',1,7,3,'Happy'
03-02-03-01-02-01-07.wav','train',1,7,3,'Happy'
03-02-03-01-02-02-07.wav','train',1,7,3,'Happy'
03-02-03-02-01-01-07.wav','train',1,7,3,'Happy'
03-02-03-02-01-02-07.wav','train',1,7,3,'Happy'
03-02-03-02-02-01-07.wav','train',1,7,3,'Happy'
03-02-03-02-02-02-07.wav','train',1,7,3,'Happy'
03-02-04-01-01-01-07.wav','train',1,7,4,'Sad'
03-02-04-01-01-02-07.wav','train',1,7,4,'Sad'
03-02-04-01-02-01-07.wav','train',1,7,4,'Sad'
03-02-04-01-02-02-07.wav','train',1,7,4,'Sad'
03-02-04-02-01-01-07.wav','train',1,7,4,'Sad'
03-02-04-02-01-02-07.wav','train',1,7,4,'Sad'
03-02-04-02-02-01-07.wav','train',1,7,4,'Sad'
03-02-04-02-02-02-07.wav','train',1,7,4,'Sad'
03-02-05-01-01-01-07.wav','train',1,7,5,'Angry'
03-02-05-01-01-02-07.wav','train',1,7,5,'Angry'
03-02-05-01-02-01-07.wav','train',1,7,5,'Angry'
03-02-05-01-02-02-07.wav','train',1,7,5,'Angry'
03-02-05-02-01-01-07.wav','train',1,7,5,'Angry'
03-02-05-02-01-02-07.wav','train',1,7,5,'Angry'
03-02-05-02-02-01-07.wav','train',1,7,5,'Angry'
03-02-05-02-02-02-07.wav','train',1,7,5,'Angry'
03-02-06-01-01-01-07.wav','train',1,7,6,'Fearful'
03-02-06-01-01-02-07.wav','train',1,7,6,'Fearful'
03-02-06-01-02-01-07.wav','train',1,7,6,'Fearful'
03-02-06-01-02-02-07.wav','train',1,7,6,'Fearful'
03-02-06-02-01-01-07.wav','train',1,7,6,'Fearful'
03-02-06-02-01-02-07.wav','train',1,7,6,'Fearful'
03-02-06-02-02-01-07.wav','train',1,7,6,'Fearful'
03-02-06-02-02-02-07.wav','train',1,7,6,'Fearful'
03-02-01-01-01-01-08.wav','train',1,8,1,'Neutral'
03-02-01-01-01-02-08.wav','train',1,8,1,'Neutral'
03-02-01-01-02-01-08.wav','train',1,8,1,'Neutral'
03-02-01-01-02-02-08.wav','train',1,8,1,'Neutral'
03-02-02-01-01-01-08.wav','train',1,8,2,'Calm'
03-02-02-01-01-02-08.wav','train',1,8,2,'Calm'
03-02-02-01-02-01-08.wav','train',1,8,2,'Calm'
03-02-02-01-02-02-08.wav','train',1,8,2,'Calm'
03-02-02-02-01-01-08.wav','train',1,8,2,'Calm'
03-02-02-02-01-02-08.wav','train',1,8,2,'Calm'
03-02-02-02-02-01-08.wav','train',1,8,2,'Calm'
03-02-02-02-02-02-08.wav','train',1,8,2,'Calm'
03-02-03-01-01-01-08.wav','train',1,8,3,'Happy'
03-02-03-01-01-02-08.wav','train',1,8,3,'Happy'
03-02-03-01-02-01-08.wav','train',1,8,3,'Happy'
03-02-03-01-02-02-08.wav','train',1,8,3,'Happy'
03-02-03-02-01-01-08.wav','train',1,8,3,'Happy'
03-02-03-02-01-02-08.wav','train',1,8,3,'Happy'
03-02-03-02-02-01-08.wav','train',1,8,3,'Happy'
03-02-03-02-02-02-08.wav','train',1,8,3,'Happy'
03-02-04-01-01-01-08.wav','train',1,8,4,'Sad'
03-02-04-01-01-02-08.wav','train',1,8,4,'Sad'
03-02-04-01-02-01-08.wav','train',1,8,4,'Sad'
03-02-04-01-02-02-08.wav','train',1,8,4,'Sad'
03-02-04-02-01-01-08.wav','train',1,8,4,'Sad'
03-02-04-02-01-02-08.wav','train',1,8,4,'Sad'
03-02-04-02-02-01-08.wav','train',1,8,4,'Sad'
03-02-04-02-02-02-08.wav','train',1,8,4,'Sad'
03-02-05-01-01-01-08.wav','train',1,8,5,'Angry'
03-02-05-01-01-02-08.wav','train',1,8,5,'Angry'
03-02-05-01-02-01-08.wav','train',1,8,5,'Angry'
03-02-05-01-02-02-08.wav','train',1,8,5,'Angry'
03-02-05-02-01-01-08.wav','train',1,8,5,'Angry'
03-02-05-02-01-02-08.wav','train',1,8,5,'Angry'
03-02-05-02-02-01-08.wav','train',1,8,5,'Angry'
03-02-05-02-02-02-08.wav','train',1,8,5,'Angry'
03-02-06-01-01-01-08.wav','train',1,8,6,'Fearful'
03-02-06-01-01-02-08.wav','train',1,8,6,'Fearful'
03-02-06-01-02-01-08.wav','train',1,8,6,'Fearful'
03-02-06-01-02-02-08.wav','train',1,8,6,'Fearful'
03-02-06-02-01-01-08.wav','train',1,8,6,'Fearful'
03-02-06-02-01-02-08.wav','train',1,8,6,'Fearful'
03-02-06-02-02-01-08.wav','train',1,8,6,'Fearful'
03-02-06-02-02-02-08.wav','train',1,8,6,'Fearful'
03-02-01-01-01-01-09.wav','development',2,9,1,'Neutral'
03-02-01-01-01-02-09.wav','development',2,9,1,'Neutral'
03-02-01-01-02-01-09.wav','development',2,9,1,'Neutral'
03-02-01-01-02-02-09.wav','development',2,9,1,'Neutral'
03-02-02-01-01-01-09.wav','development',2,9,2,'Calm'
03-02-02-01-01-02-09.wav','development',2,9,2,'Calm'
03-02-02-01-02-01-09.wav','development',2,9,2,'Calm'
03-02-02-01-02-02-09.wav','development',2,9,2,'Calm'
03-02-02-02-01-01-09.wav','development',2,9,2,'Calm'
03-02-02-02-01-02-09.wav','development',2,9,2,'Calm'
03-02-02-02-02-01-09.wav','development',2,9,2,'Calm'
03-02-02-02-02-02-09.wav','development',2,9,2,'Calm'
03-02-03-01-01-01-09.wav','development',2,9,3,'Happy'
03-02-03-01-01-02-09.wav','development',2,9,3,'Happy'
03-02-03-01-02-01-09.wav','development',2,9,3,'Happy'
03-02-03-01-02-02-09.wav','development',2,9,3,'Happy'
03-02-03-02-01-01-09.wav','development',2,9,3,'Happy'
03-02-03-02-01-02-09.wav','development',2,9,3,'Happy'
03-02-03-02-02-01-09.wav','development',2,9,3,'Happy'
03-02-03-02-02-02-09.wav','development',2,9,3,'Happy'
03-02-04-01-01-01-09.wav','development',2,9,4,'Sad'
03-02-04-01-01-02-09.wav','development',2,9,4,'Sad'
03-02-04-01-02-01-09.wav','development',2,9,4,'Sad'
03-02-04-01-02-02-09.wav','development',2,9,4,'Sad'
03-02-04-02-01-01-09.wav','development',2,9,4,'Sad'
03-02-04-02-01-02-09.wav','development',2,9,4,'Sad'
03-02-04-02-02-01-09.wav','development',2,9,4,'Sad'
03-02-04-02-02-02-09.wav','development',2,9,4,'Sad'
03-02-05-01-01-01-09.wav','development',2,9,5,'Angry'
03-02-05-01-01-02-09.wav','development',2,9,5,'Angry'
03-02-05-01-02-01-09.wav','development',2,9,5,'Angry'
03-02-05-01-02-02-09.wav','development',2,9,5,'Angry'
03-02-05-02-01-01-09.wav','development',2,9,5,'Angry'
03-02-05-02-01-02-09.wav','development',2,9,5,'Angry'
03-02-05-02-02-01-09.wav','development',2,9,5,'Angry'
03-02-05-02-02-02-09.wav','development',2,9,5,'Angry'
03-02-06-01-01-01-09.wav','development',2,9,6,'Fearful'
03-02-06-01-01-02-09.wav','development',2,9,6,'Fearful'
03-02-06-01-02-01-09.wav','development',2,9,6,'Fearful'
03-02-06-01-02-02-09.wav','development',2,9,6,'Fearful'
03-02-06-02-01-01-09.wav','development',2,9,6,'Fearful'
03-02-06-02-01-02-09.wav','development',2,9,6,'Fearful'
03-02-06-02-02-01-09.wav','development',2,9,6,'Fearful'
03-02-06-02-02-02-09.wav','development',2,9,6,'Fearful'
03-02-01-01-01-01-10.wav','development',2,10,1,'Neutral'
03-02-01-01-01-02-10.wav','development',2,10,1,'Neutral'
03-02-01-01-02-01-10.wav','development',2,10,1,'Neutral'
03-02-01-01-02-02-10.wav','development',2,10,1,'Neutral'
03-02-02-01-01-01-10.wav','development',2,10,2,'Calm'
03-02-02-01-01-02-10.wav','development',2,10,2,'Calm'
03-02-02-01-02-01-10.wav','development',2,10,2,'Calm'
03-02-02-01-02-02-10.wav','development',2,10,2,'Calm'
03-02-02-02-01-01-10.wav','development',2,10,2,'Calm'
03-02-02-02-01-02-10.wav','development',2,10,2,'Calm'
03-02-02-02-02-01-10.wav','development',2,10,2,'Calm'
03-02-02-02-02-02-10.wav','development',2,10,2,'Calm'
03-02-03-01-01-01-10.wav','development',2,10,3,'Happy'
03-02-03-01-01-02-10.wav','development',2,10,3,'Happy'
03-02-03-01-02-01-10.wav','development',2,10,3,'Happy'
03-02-03-01-02-02-10.wav','development',2,10,3,'Happy'
03-02-03-02-01-01-10.wav','development',2,10,3,'Happy'
03-02-03-02-01-02-10.wav','development',2,10,3,'Happy'
03-02-03-02-02-01-10.wav','development',2,10,3,'Happy'
03-02-03-02-02-02-10.wav','development',2,10,3,'Happy'
03-02-04-01-01-01-10.wav','development',2,10,4,'Sad'
03-02-04-01-01-02-10.wav','development',2,10,4,'Sad'
03-02-04-01-02-01-10.wav','development',2,10,4,'Sad'
03-02-04-01-02-02-10.wav','development',2,10,4,'Sad'
03-02-04-02-01-01-10.wav','development',2,10,4,'Sad'
03-02-04-02-01-02-10.wav','development',2,10,4,'Sad'
03-02-04-02-02-01-10.wav','development',2,10,4,'Sad'
03-02-04-02-02-02-10.wav','development',2,10,4,'Sad'
03-02-05-01-01-01-10.wav','development',2,10,5,'Angry'
03-02-05-01-01-02-10.wav','development',2,10,5,'Angry'
03-02-05-01-02-01-10.wav','development',2,10,5,'Angry'
03-02-05-01-02-02-10.wav','development',2,10,5,'Angry'
03-02-05-02-01-01-10.wav','development',2,10,5,'Angry'
03-02-05-02-01-02-10.wav','development',2,10,5,'Angry'
03-02-05-02-02-01-10.wav','development',2,10,5,'Angry'
03-02-05-02-02-02-10.wav','development',2,10,5,'Angry'
03-02-06-01-01-01-10.wav','development',2,10,6,'Fearful'
03-02-06-01-01-02-10.wav','development',2,10,6,'Fearful'
03-02-06-01-02-01-10.wav','development',2,10,6,'Fearful'
03-02-06-01-02-02-10.wav','development',2,10,6,'Fearful'
03-02-06-02-01-01-10.wav','development',2,10,6,'Fearful'
03-02-06-02-01-02-10.wav','development',2,10,6,'Fearful'
03-02-06-02-02-01-10.wav','development',2,10,6,'Fearful'
03-02-06-02-02-02-10.wav','development',2,10,6,'Fearful'
03-02-01-01-01-01-11.wav','development',2,11,1,'Neutral'
03-02-01-01-01-02-11.wav','development',2,11,1,'Neutral'
03-02-01-01-02-01-11.wav','development',2,11,1,'Neutral'
03-02-01-01-02-02-11.wav','development',2,11,1,'Neutral'
03-02-02-01-01-01-11.wav','development',2,11,2,'Calm'
03-02-02-01-01-02-11.wav','development',2,11,2,'Calm'
03-02-02-01-02-01-11.wav','development',2,11,2,'Calm'
03-02-02-01-02-02-11.wav','development',2,11,2,'Calm'
03-02-02-02-01-01-11.wav','development',2,11,2,'Calm'
03-02-02-02-01-02-11.wav','development',2,11,2,'Calm'
03-02-02-02-02-01-11.wav','development',2,11,2,'Calm'
03-02-02-02-02-02-11.wav','development',2,11,2,'Calm'
03-02-03-01-01-01-11.wav','development',2,11,3,'Happy'
03-02-03-01-01-02-11.wav','development',2,11,3,'Happy'
03-02-03-01-02-01-11.wav','development',2,11,3,'Happy'
03-02-03-01-02-02-11.wav','development',2,11,3,'Happy'
03-02-03-02-01-01-11.wav','development',2,11,3,'Happy'
03-02-03-02-01-02-11.wav','development',2,11,3,'Happy'
03-02-03-02-02-01-11.wav','development',2,11,3,'Happy'
03-02-03-02-02-02-11.wav','development',2,11,3,'Happy'
03-02-04-01-01-01-11.wav','development',2,11,4,'Sad'
03-02-04-01-01-02-11.wav','development',2,11,4,'Sad'
03-02-04-01-02-01-11.wav','development',2,11,4,'Sad'
03-02-04-01-02-02-11.wav','development',2,11,4,'Sad'
03-02-04-02-01-01-11.wav','development',2,11,4,'Sad'
03-02-04-02-01-02-11.wav','development',2,11,4,'Sad'
03-02-04-02-02-01-11.wav','development',2,11,4,'Sad'
03-02-04-02-02-02-11.wav','development',2,11,4,'Sad'
03-02-05-01-01-01-11.wav','development',2,11,5,'Angry'
03-02-05-01-01-02-11.wav','development',2,11,5,'Angry'
03-02-05-01-02-01-11.wav','development',2,11,5,'Angry'
03-02-05-01-02-02-11.wav','development',2,11,5,'Angry'
03-02-05-02-01-01-11.wav','development',2,11,5,'Angry'
03-02-05-02-01-02-11.wav','development',2,11,5,'Angry'
03-02-05-02-02-01-11.wav','development',2,11,5,'Angry'
03-02-05-02-02-02-11.wav','development',2,11,5,'Angry'
03-02-06-01-01-01-11.wav','development',2,11,6,'Fearful'
03-02-06-01-01-02-11.wav','development',2,11,6,'Fearful'
03-02-06-01-02-01-11.wav','development',2,11,6,'Fearful'
03-02-06-01-02-02-11.wav','development',2,11,6,'Fearful'
03-02-06-02-01-01-11.wav','development',2,11,6,'Fearful'
03-02-06-02-01-02-11.wav','development',2,11,6,'Fearful'
03-02-06-02-02-01-11.wav','development',2,11,6,'Fearful'
03-02-06-02-02-02-11.wav','development',2,11,6,'Fearful'
03-02-01-01-01-01-12.wav','development',2,12,1,'Neutral'
03-02-01-01-01-02-12.wav','development',2,12,1,'Neutral'
03-02-01-01-02-01-12.wav','development',2,12,1,'Neutral'
03-02-01-01-02-02-12.wav','development',2,12,1,'Neutral'
03-02-02-01-01-01-12.wav','development',2,12,2,'Calm'
03-02-02-01-01-02-12.wav','development',2,12,2,'Calm'
03-02-02-01-02-01-12.wav','development',2,12,2,'Calm'
03-02-02-01-02-02-12.wav','development',2,12,2,'Calm'
03-02-02-02-01-01-12.wav','development',2,12,2,'Calm'
03-02-02-02-01-02-12.wav','development',2,12,2,'Calm'
03-02-02-02-02-01-12.wav','development',2,12,2,'Calm'
03-02-02-02-02-02-12.wav','development',2,12,2,'Calm'
03-02-03-01-01-01-12.wav','development',2,12,3,'Happy'
03-02-03-01-01-02-12.wav','development',2,12,3,'Happy'
03-02-03-01-02-01-12.wav','development',2,12,3,'Happy'
03-02-03-01-02-02-12.wav','development',2,12,3,'Happy'
03-02-03-02-01-01-12.wav','development',2,12,3,'Happy'
03-02-03-02-01-02-12.wav','development',2,12,3,'Happy'
03-02-03-02-02-01-12.wav','development',2,12,3,'Happy'
03-02-03-02-02-02-12.wav','development',2,12,3,'Happy'
03-02-04-01-01-01-12.wav','development',2,12,4,'Sad'
03-02-04-01-01-02-12.wav','development',2,12,4,'Sad'
03-02-04-01-02-01-12.wav','development',2,12,4,'Sad'
03-02-04-01-02-02-12.wav','development',2,12,4,'Sad'
03-02-04-02-01-01-12.wav','development',2,12,4,'Sad'
03-02-04-02-01-02-12.wav','development',2,12,4,'Sad'
03-02-04-02-02-01-12.wav','development',2,12,4,'Sad'
03-02-04-02-02-02-12.wav','development',2,12,4,'Sad'
03-02-05-01-01-01-12.wav','development',2,12,5,'Angry'
03-02-05-01-01-02-12.wav','development',2,12,5,'Angry'
03-02-05-01-02-01-12.wav','development',2,12,5,'Angry'
03-02-05-01-02-02-12.wav','development',2,12,5,'Angry'
03-02-05-02-01-01-12.wav','development',2,12,5,'Angry'
03-02-05-02-01-02-12.wav','development',2,12,5,'Angry'
03-02-05-02-02-01-12.wav','development',2,12,5,'Angry'
03-02-05-02-02-02-12.wav','development',2,12,5,'Angry'
03-02-06-01-01-01-12.wav','development',2,12,6,'Fearful'
03-02-06-01-01-02-12.wav','development',2,12,6,'Fearful'
03-02-06-01-02-01-12.wav','development',2,12,6,'Fearful'
03-02-06-01-02-02-12.wav','development',2,12,6,'Fearful'
03-02-06-02-01-01-12.wav','development',2,12,6,'Fearful'
03-02-06-02-01-02-12.wav','development',2,12,6,'Fearful'
03-02-06-02-02-01-12.wav','development',2,12,6,'Fearful'
03-02-06-02-02-02-12.wav','development',2,12,6,'Fearful'
03-02-01-01-01-01-13.wav','test',3,13,1,'Neutral'
03-02-01-01-01-02-13.wav','test',3,13,1,'Neutral'
03-02-01-01-02-01-13.wav','test',3,13,1,'Neutral'
03-02-01-01-02-02-13.wav','test',3,13,1,'Neutral'
03-02-02-01-01-01-13.wav','test',3,13,2,'Calm'
03-02-02-01-01-02-13.wav','test',3,13,2,'Calm'
03-02-02-01-02-01-13.wav','test',3,13,2,'Calm'
03-02-02-01-02-02-13.wav','test',3,13,2,'Calm'
03-02-02-02-01-01-13.wav','test',3,13,2,'Calm'
03-02-02-02-01-02-13.wav','test',3,13,2,'Calm'
03-02-02-02-02-01-13.wav','test',3,13,2,'Calm'
03-02-02-02-02-02-13.wav','test',3,13,2,'Calm'
03-02-03-01-01-01-13.wav','test',3,13,3,'Happy'
03-02-03-01-01-02-13.wav','test',3,13,3,'Happy'
03-02-03-01-02-01-13.wav','test',3,13,3,'Happy'
03-02-03-01-02-02-13.wav','test',3,13,3,'Happy'
03-02-03-02-01-01-13.wav','test',3,13,3,'Happy'
03-02-03-02-01-02-13.wav','test',3,13,3,'Happy'
03-02-03-02-02-01-13.wav','test',3,13,3,'Happy'
03-02-03-02-02-02-13.wav','test',3,13,3,'Happy'
03-02-04-01-01-01-13.wav','test',3,13,4,'Sad'
03-02-04-01-01-02-13.wav','test',3,13,4,'Sad'
03-02-04-01-02-01-13.wav','test',3,13,4,'Sad'
03-02-04-01-02-02-13.wav','test',3,13,4,'Sad'
03-02-04-02-01-01-13.wav','test',3,13,4,'Sad'
03-02-04-02-01-02-13.wav','test',3,13,4,'Sad'
03-02-04-02-02-01-13.wav','test',3,13,4,'Sad'
03-02-04-02-02-02-13.wav','test',3,13,4,'Sad'
03-02-05-01-01-01-13.wav','test',3,13,5,'Angry'
03-02-05-01-01-02-13.wav','test',3,13,5,'Angry'
03-02-05-01-02-01-13.wav','test',3,13,5,'Angry'
03-02-05-01-02-02-13.wav','test',3,13,5,'Angry'
03-02-05-02-01-01-13.wav','test',3,13,5,'Angry'
03-02-05-02-01-02-13.wav','test',3,13,5,'Angry'
03-02-05-02-02-01-13.wav','test',3,13,5,'Angry'
03-02-05-02-02-02-13.wav','test',3,13,5,'Angry'
03-02-06-01-01-01-13.wav','test',3,13,6,'Fearful'
03-02-06-01-01-02-13.wav','test',3,13,6,'Fearful'
03-02-06-01-02-01-13.wav','test',3,13,6,'Fearful'
03-02-06-01-02-02-13.wav','test',3,13,6,'Fearful'
03-02-06-02-01-01-13.wav','test',3,13,6,'Fearful'
03-02-06-02-01-02-13.wav','test',3,13,6,'Fearful'
03-02-06-02-02-01-13.wav','test',3,13,6,'Fearful'
03-02-06-02-02-02-13.wav','test',3,13,6,'Fearful'
03-02-01-01-01-01-14.wav','test',3,14,1,'Neutral'
03-02-01-01-01-02-14.wav','test',3,14,1,'Neutral'
03-02-01-01-02-01-14.wav','test',3,14,1,'Neutral'
03-02-01-01-02-02-14.wav','test',3,14,1,'Neutral'
03-02-02-01-01-01-14.wav','test',3,14,2,'Calm'
03-02-02-01-01-02-14.wav','test',3,14,2,'Calm'
03-02-02-01-02-01-14.wav','test',3,14,2,'Calm'
03-02-02-01-02-02-14.wav','test',3,14,2,'Calm'
03-02-02-02-01-01-14.wav','test',3,14,2,'Calm'
03-02-02-02-01-02-14.wav','test',3,14,2,'Calm'
03-02-02-02-02-01-14.wav','test',3,14,2,'Calm'
03-02-02-02-02-02-14.wav','test',3,14,2,'Calm'
03-02-03-01-01-01-14.wav','test',3,14,3,'Happy'
03-02-03-01-01-02-14.wav','test',3,14,3,'Happy'
03-02-03-01-02-01-14.wav','test',3,14,3,'Happy'
03-02-03-01-02-02-14.wav','test',3,14,3,'Happy'
03-02-03-02-01-01-14.wav','test',3,14,3,'Happy'
03-02-03-02-01-02-14.wav','test',3,14,3,'Happy'
03-02-03-02-02-01-14.wav','test',3,14,3,'Happy'
03-02-03-02-02-02-14.wav','test',3,14,3,'Happy'
03-02-04-01-01-01-14.wav','test',3,14,4,'Sad'
03-02-04-01-01-02-14.wav','test',3,14,4,'Sad'
03-02-04-01-02-01-14.wav','test',3,14,4,'Sad'
03-02-04-01-02-02-14.wav','test',3,14,4,'Sad'
03-02-04-02-01-01-14.wav','test',3,14,4,'Sad'
03-02-04-02-01-02-14.wav','test',3,14,4,'Sad'
03-02-04-02-02-01-14.wav','test',3,14,4,'Sad'
03-02-04-02-02-02-14.wav','test',3,14,4,'Sad'
03-02-05-01-01-01-14.wav','test',3,14,5,'Angry'
03-02-05-01-01-02-14.wav','test',3,14,5,'Angry'
03-02-05-01-02-01-14.wav','test',3,14,5,'Angry'
03-02-05-01-02-02-14.wav','test',3,14,5,'Angry'
03-02-05-02-01-01-14.wav','test',3,14,5,'Angry'
03-02-05-02-01-02-14.wav','test',3,14,5,'Angry'
03-02-05-02-02-01-14.wav','test',3,14,5,'Angry'
03-02-05-02-02-02-14.wav','test',3,14,5,'Angry'
03-02-06-01-01-01-14.wav','test',3,14,6,'Fearful'
03-02-06-01-01-02-14.wav','test',3,14,6,'Fearful'
03-02-06-01-02-01-14.wav','test',3,14,6,'Fearful'
03-02-06-01-02-02-14.wav','test',3,14,6,'Fearful'
03-02-06-02-01-01-14.wav','test',3,14,6,'Fearful'
03-02-06-02-01-02-14.wav','test',3,14,6,'Fearful'
03-02-06-02-02-01-14.wav','test',3,14,6,'Fearful'
03-02-06-02-02-02-14.wav','test',3,14,6,'Fearful'
03-02-01-01-01-01-15.wav','test',3,15,1,'Neutral'
03-02-01-01-01-02-15.wav','test',3,15,1,'Neutral'
03-02-01-01-02-01-15.wav','test',3,15,1,'Neutral'
03-02-01-01-02-02-15.wav','test',3,15,1,'Neutral'
03-02-02-01-01-01-15.wav','test',3,15,2,'Calm'
03-02-02-01-01-02-15.wav','test',3,15,2,'Calm'
03-02-02-01-02-01-15.wav','test',3,15,2,'Calm'
03-02-02-01-02-02-15.wav','test',3,15,2,'Calm'
03-02-02-02-01-01-15.wav','test',3,15,2,'Calm'
03-02-02-02-01-02-15.wav','test',3,15,2,'Calm'
03-02-02-02-02-01-15.wav','test',3,15,2,'Calm'
03-02-02-02-02-02-15.wav','test',3,15,2,'Calm'
03-02-03-01-01-01-15.wav','test',3,15,3,'Happy'
03-02-03-01-01-02-15.wav','test',3,15,3,'Happy'
03-02-03-01-02-01-15.wav','test',3,15,3,'Happy'
03-02-03-01-02-02-15.wav','test',3,15,3,'Happy'
03-02-03-02-01-01-15.wav','test',3,15,3,'Happy'
03-02-03-02-01-02-15.wav','test',3,15,3,'Happy'
03-02-03-02-02-01-15.wav','test',3,15,3,'Happy'
03-02-03-02-02-02-15.wav','test',3,15,3,'Happy'
03-02-04-01-01-01-15.wav','test',3,15,4,'Sad'
03-02-04-01-01-02-15.wav','test',3,15,4,'Sad'
03-02-04-01-02-01-15.wav','test',3,15,4,'Sad'
03-02-04-01-02-02-15.wav','test',3,15,4,'Sad'
03-02-04-02-01-01-15.wav','test',3,15,4,'Sad'
03-02-04-02-01-02-15.wav','test',3,15,4,'Sad'
03-02-04-02-02-01-15.wav','test',3,15,4,'Sad'
03-02-04-02-02-02-15.wav','test',3,15,4,'Sad'
03-02-05-01-01-01-15.wav','test',3,15,5,'Angry'
03-02-05-01-01-02-15.wav','test',3,15,5,'Angry'
03-02-05-01-02-01-15.wav','test',3,15,5,'Angry'
03-02-05-01-02-02-15.wav','test',3,15,5,'Angry'
03-02-05-02-01-01-15.wav','test',3,15,5,'Angry'
03-02-05-02-01-02-15.wav','test',3,15,5,'Angry'
03-02-05-02-02-01-15.wav','test',3,15,5,'Angry'
03-02-05-02-02-02-15.wav','test',3,15,5,'Angry'
03-02-06-01-01-01-15.wav','test',3,15,6,'Fearful'
03-02-06-01-01-02-15.wav','test',3,15,6,'Fearful'
03-02-06-01-02-01-15.wav','test',3,15,6,'Fearful'
03-02-06-01-02-02-15.wav','test',3,15,6,'Fearful'
03-02-06-02-01-01-15.wav','test',3,15,6,'Fearful'
03-02-06-02-01-02-15.wav','test',3,15,6,'Fearful'
03-02-06-02-02-01-15.wav','test',3,15,6,'Fearful'
03-02-06-02-02-02-15.wav','test',3,15,6,'Fearful'
03-02-01-01-01-01-16.wav','test',3,16,1,'Neutral'
03-02-01-01-01-02-16.wav','test',3,16,1,'Neutral'
03-02-01-01-02-01-16.wav','test',3,16,1,'Neutral'
03-02-01-01-02-02-16.wav','test',3,16,1,'Neutral'
03-02-02-01-01-01-16.wav','test',3,16,2,'Calm'
03-02-02-01-01-02-16.wav','test',3,16,2,'Calm'
03-02-02-01-02-01-16.wav','test',3,16,2,'Calm'
03-02-02-01-02-02-16.wav','test',3,16,2,'Calm'
03-02-02-02-01-01-16.wav','test',3,16,2,'Calm'
03-02-02-02-01-02-16.wav','test',3,16,2,'Calm'
03-02-02-02-02-01-16.wav','test',3,16,2,'Calm'
03-02-02-02-02-02-16.wav','test',3,16,2,'Calm'
03-02-03-01-01-01-16.wav','test',3,16,3,'Happy'
03-02-03-01-01-02-16.wav','test',3,16,3,'Happy'
03-02-03-01-02-01-16.wav','test',3,16,3,'Happy'
03-02-03-01-02-02-16.wav','test',3,16,3,'Happy'
03-02-03-02-01-01-16.wav','test',3,16,3,'Happy'
03-02-03-02-01-02-16.wav','test',3,16,3,'Happy'
03-02-03-02-02-01-16.wav','test',3,16,3,'Happy'
03-02-03-02-02-02-16.wav','test',3,16,3,'Happy'
03-02-04-01-01-01-16.wav','test',3,16,4,'Sad'
03-02-04-01-01-02-16.wav','test',3,16,4,'Sad'
03-02-04-01-02-01-16.wav','test',3,16,4,'Sad'
03-02-04-01-02-02-16.wav','test',3,16,4,'Sad'
03-02-04-02-01-01-16.wav','test',3,16,4,'Sad'
03-02-04-02-01-02-16.wav','test',3,16,4,'Sad'
03-02-04-02-02-01-16.wav','test',3,16,4,'Sad'
03-02-04-02-02-02-16.wav','test',3,16,4,'Sad'
03-02-05-01-01-01-16.wav','test',3,16,5,'Angry'
03-02-05-01-01-02-16.wav','test',3,16,5,'Angry'
03-02-05-01-02-01-16.wav','test',3,16,5,'Angry'
03-02-05-01-02-02-16.wav','test',3,16,5,'Angry'
03-02-05-02-01-01-16.wav','test',3,16,5,'Angry'
03-02-05-02-01-02-16.wav','test',3,16,5,'Angry'
03-02-05-02-02-01-16.wav','test',3,16,5,'Angry'
03-02-05-02-02-02-16.wav','test',3,16,5,'Angry'
03-02-06-01-01-01-16.wav','test',3,16,6,'Fearful'
03-02-06-01-01-02-16.wav','test',3,16,6,'Fearful'
03-02-06-01-02-01-16.wav','test',3,16,6,'Fearful'
03-02-06-01-02-02-16.wav','test',3,16,6,'Fearful'
03-02-06-02-01-01-16.wav','test',3,16,6,'Fearful'
03-02-06-02-01-02-16.wav','test',3,16,6,'Fearful'
03-02-06-02-02-01-16.wav','test',3,16,6,'Fearful'
03-02-06-02-02-02-16.wav','test',3,16,6,'Fearful'
